Joint_1,Joint_2,Joint_3,Joint_4,Joint_5,Joint_6
-1.5831284234432317,-2.244962713260086,2.7130340141992035,-2.0605822789095405,-1.572644274079926,0.009171275966050996
-1.582912519945129,-2.245067680372562,2.713267170067323,-2.060623664847091,-1.572619295763993,0.009009260927412157
-1.5826811385227215,-2.245120150624019,2.7135682317655836,-2.0606778392681413,-1.57258385337398,0.008830763104911573
-1.5824438654126038,-2.2451348585453035,2.7139188177563955,-2.0607243406543803,-1.5725479291485847,0.0086543534880172
-1.582206538085253,-2.245121990403035,2.7143057148018874,-2.0607630463430877,-1.5725143767439098,0.008481169537475365
-1.5819709068620829,-2.245088622594199,2.7147182209942464,-2.0607957045166834,-1.5724790844182677,0.008312112031127547
-1.5817389565040925,-2.245040269321354,2.7151479619296177,-2.0608241170714887,-1.5724448479207216,0.00814627670318795
-1.5815115355667477,-2.244980944202223,2.715588524672956,-2.0608491710820385,-1.5724115594497967,0.007983678822238542
-1.5812889439685083,-2.244913641964635,2.716035008740005,-2.060871606391946,-1.5723789903458918,0.007824306842819657
-1.581071246978947,-2.244840628377432,2.716483700664169,-2.0608919941666834,-1.572347075779773,0.007668112318350177
-1.580858386191551,-2.2447636289255666,2.7169317997685436,-2.060910771179716,-1.5723157802574,0.007515034971822623
-1.5806502645366713,-2.2446839659508186,2.7173772128181843,-2.0609282709749386,-1.5722851228834112,0.007365013300893192
-1.5804467541558511,-2.2446026516514914,2.717818382788856,-2.0609447500857376,-1.5722550921507041,0.007217987444441558
-1.5802477191831004,-2.244520460162113,2.7182541681543344,-2.060960403722074,-1.57222567093591,0.007073896576902773
-1.5800530230382543,-2.2444379836832984,2.7186837402483066,-2.060975382945696,-1.5721968462424412,0.006932682204239017
-1.579862534231142,-2.2443556739559756,2.7191065099682783,-2.0609898038661765,-1.5721686052966055,0.006794287005540773
-1.5796760720997969,-2.2442738583476025,2.7195220777396534,-2.0610037525455374,-1.5721407330572217,0.006658657123189524
-1.5794934735515385,-2.2441927590194277,2.719930258981602,-2.0610172636577357,-1.5721132247542802,0.006525724266796616
-1.5793149018246981,-2.2441126849958555,2.7203307591914765,-2.061030472925359,-1.5720869202510572,0.006395466303703614
-1.5791400480578028,-2.2440336942613293,2.720723560016481,-2.0610433515782893,-1.5720609707120379,0.00626778634895422
-1.578968874961658,-2.2439559145282,2.721108622079094,-2.0610559683753147,-1.572035340304394,0.006142689414232652
-1.5788012929016195,-2.2438794178181345,2.721485967036361,-2.0610683246367647,-1.5720103692185283,0.006020078235382761
-1.5786371955342078,-2.2438042550528494,2.721855630080354,-2.0610804539332364,-1.5719859491020576,0.005899905070286154
-1.578476498309186,-2.2437304596124568,2.7222176858455267,-2.0610923735093847,-1.5719620317281682,0.005782125936827015
-1.578319125038712,-2.2436580503390484,2.722572232303636,-2.0611040945388988,-1.5719386011825378,0.005666696503139186
-1.5781650036037278,-2.243587034549125,2.7229193824852764,-2.061115625689358,-1.571915648251173,0.005553571424408449
-1.578014111633767,-2.243517413167422,2.7232592833798765,-2.0611269703912947,-1.5718933275199454,0.005442708185021563
-1.5778664123857822,-2.24344914196039,2.723592175914121,-2.0611380902458682,-1.5718716179364975,0.005334047794991113
-1.5777216878564064,-2.2433822684748668,2.723917909701623,-2.061149112306466,-1.571850059625183,0.005227574900271756
-1.5775799219956397,-2.243316753404217,2.724236735398545,-2.061159959312715,-1.5718289287001315,0.005123225015216536
-1.5774411205750558,-2.2432525074482714,2.724549039041067,-2.061170538689969,-1.5718083467276758,0.005020920162113675
-1.577305151967737,-2.2431896445627904,2.724854515433608,-2.0611810989034383,-1.5717881756262246,0.004920715965313256
-1.5768391817985705,-2.242951549197497,2.725210538286778,-2.061394743659536,-1.5715949315829316,0.004823092192657798
-1.5758528400530747,-2.2424437099621652,2.7256472423561884,-2.0618411821722216,-1.571229950236496,0.004727629819198509
-1.5743235035609617,-2.2416312855780545,2.7262058767546367,-2.0625358760389516,-1.570692901206621,0.0046339488715813285
-1.5722520536076725,-2.240494559577106,2.7269184630376273,-2.063489232345759,-1.5699835643414988,0.004541960641856664
-1.5696382027007922,-2.23901935212298,2.727789875437131,-2.0647035138105445,-1.569102873398885,0.004451715112599851
-1.5668968119184048,-2.2375524384411856,2.7288655914195132,-2.066151022768048,-1.568034103108524,0.004362540769696796
-1.5645039461454326,-2.236360217696832,2.7301928887103006,-2.067808886458561,-1.5669632048359667,0.004274196133367981
-1.5627250258041314,-2.2355930280380947,2.7317986828086687,-2.0696634184500446,-1.5660542094613281,0.004187159431678118
-1.5615979204579293,-2.235311670928366,2.733670064096691,-2.071703753455796,-1.5653145001962745,0.004102019144224948
-1.5611219296040098,-2.235532832865736,2.735783441859349,-2.073920851815788,-1.5647467209952688,0.0040187067028978046
-1.5608549465069286,-2.2359303573352247,2.737954440526679,-2.076301877501694,-1.5643692054093412,0.00393791714763425
-1.5603439280261044,-2.236248288177423,2.7400454452399274,-2.0788449816376424,-1.56392812144129,0.003858762226042961
-1.5593332631259593,-2.236340509434578,2.7419787066125263,-2.0815493838053607,-1.563339767402034,0.003781667554170246
-1.557756501741331,-2.2361405200505433,2.743740296989381,-2.0844170709833123,-1.5626057347955122,0.0037063771703749323
-1.5556078575056702,-2.235614336651797,2.7453283775021657,-2.0874497474467733,-1.5617280803067612,0.003632735036973368
-1.5532304672526387,-2.23503766017915,2.746803342264472,-2.090629229090337,-1.5607600452689103,0.0035616666555380186
-1.5509665814135343,-2.2346097532394547,2.748259154165046,-2.0939473953515004,-1.5599124955578594,0.0034914312212073785
-1.5490106589796613,-2.234448082455185,2.749739187827354,-2.0973987240249734,-1.5592295178261366,0.0034222340746506226
-1.5474660099696869,-2.23461544529298,2.7512717146435555,-2.1009788404171834,-1.558717504648252,0.003353929615678534
-1.5463850968273252,-2.2351460582986453,2.7528695758328023,-2.104685694206357,-1.5583764120724195,0.003286588733412352
-1.5457919504802586,-2.2360568991530325,2.7545392624541845,-2.108517497346639,-1.5582049299988971,0.0032202453236388233
-1.5456945420238466,-2.2373551340032045,2.756283314678058,-2.1124726566903496,-1.5582005293547478,0.0031550221638569423
-1.5458492310129666,-2.2388790226145265,2.758048074642567,-2.1165533400986036,-1.5582370532079957,0.0030917180259636395
-1.5461154487966033,-2.240532139082076,2.7598016360185698,-2.1207622213260335,-1.558280807331888,0.0030302408844548965
-1.5464167270610696,-2.242255586704429,2.761530493426732,-2.1250993749598863,-1.5583259841275914,0.002970079535028004
-1.5467131477084937,-2.2440141746483855,2.763227078152042,-2.129565173739493,-1.5583722243371483,0.0029112336492468412
-1.5469838323160885,-2.2457858488031466,2.764888379609948,-2.1341596969734007,-1.558418378985635,0.0028537460438520295
-1.547148361258405,-2.2475481521778318,2.766459308643029,-2.138870688370503,-1.5584519065212634,0.0027972896088497546
-1.5471635909664683,-2.249294509560617,2.767916086097651,-2.1436923764655647,-1.5584679403815078,0.002742269043026533
-1.5470080619869941,-2.2510246995327865,2.7692578067645726,-2.148623914663857,-1.5584657145919179,0.0026885941357921985
-1.5466703523498648,-2.252740879758823,2.7704838317861533,-2.1536646442003358,-1.5584452864656744,0.0026361668678477365
-1.5461449077896643,-2.254445822728854,2.771594136033229,-2.1588138394553913,-1.5584068083343579,0.002584909032570152
-1.5454712258741115,-2.256162111186861,2.7725929862854626,-2.164069129170938,-1.558356936899387,0.002534656968013779
-1.5446726999107776,-2.257902955467187,2.7734827468190795,-2.169429001816679,-1.5582977602389492,0.002485404337727835
-1.5437633346308506,-2.259675815488997,2.7742651074007862,-2.174892280201631,-1.5582300713678718,0.002437140950166076
-1.5427519030394568,-2.2614848529834592,2.774941007411383,-2.1804585051167455,-1.5581544741620814,0.0023894601145760513
-1.5416441119265445,-2.2633320126740606,2.775512070932985,-2.1861258719201953,-1.5580726600160952,0.0023421355154012937
-1.5404252952816713,-2.265173461857691,2.7760464946501218,-2.191927091093531,-1.5579898609527076,0.002295302902185061
-1.5391009935082471,-2.266983710708,2.7767068543814535,-2.1979114842008687,-1.55790834740139,0.002249450409070596
-1.5376682378766042,-2.2687422633914878,2.777571921458387,-2.204110339339074,-1.5578289961855118,0.0022045314628583415
-1.5361172798196625,-2.270429696986041,2.778637995094439,-2.210528127443542,-1.5577538498290495,0.002160470330928635
-1.534444091766484,-2.2720329283184375,2.779903486513068,-2.2171654966676684,-1.5576825201701983,0.002117314924055088
-1.5326688275294402,-2.273567555204137,2.781369914495047,-2.2240202865753815,-1.5576012853279657,0.002074993318836244
-1.5308027781609002,-2.2750434642639807,2.783037903996571,-2.2310907316321305,-1.557507939864929,0.002033485796261678
-1.5288529098276356,-2.2764672393013083,2.784907650360972,-2.2383753041645216,-1.5574029253822705,0.0019927880074671156
-1.526820991114607,-2.2778422327891263,2.7869559533473676,-2.2458664666969526,-1.5572867637761474,0.0019528860858199876
-1.5247043577151769,-2.2791692534451835,2.7891233083325764,-2.253546896691462,-1.5571600598607334,0.0019137756358273473
-1.5225199528364424,-2.280475748413574,2.791368147707693,-2.261401034419226,-1.5570298924516528,0.0018754062989796397
-1.520278178945337,-2.2817808193823375,2.793658913563233,-2.2694171345623233,-1.556897984967576,0.0018377747038159423
-1.5179853574132538,-2.283097824006549,2.7959717578321914,-2.2775863600089097,-1.5567646608969792,0.0018008681272820046
-1.5156454439630678,-2.2844361420985106,2.7982888071640195,-2.2859020527924754,-1.5566300022316861,0.001764679734255348
-1.5132610393447272,-2.2858023587084695,2.800596771252994,-2.2943591937149543,-1.5564940620599719,0.0017291961922123141
-1.5108216613833392,-2.2871722537347385,2.802884208407061,-2.3029563829246578,-1.5563513892566692,0.0016944274832823665
-1.5083232928845787,-2.2885296051202366,2.8051435517874217,-2.3116925653492673,-1.5562007022036484,0.0016603344520666526
-1.5057654355427683,-2.289863454678372,2.8073698550325457,-2.3205668834951885,-1.5560418875521493,0.001626894592404512
-1.503149299390869,-2.2911663493543024,2.809559912828175,-2.3295786229914035,-1.5558750681116953,0.001594093399144615
-1.5004768094189906,-2.2924332125002893,2.811711695636886,-2.3387271737105797,-1.5557004020037093,0.0015619182288163355
-1.497755595818725,-2.293686069919727,2.813824935168192,-2.348009815159268,-1.5555234477243811,0.0015303405427058328
-1.494989356475082,-2.2949401816248423,2.815899201278468,-2.357424399880089,-1.5553455417257505,0.001499376099069581
-1.4921795811830092,-2.296206180698635,2.8179340646193958,-2.366969283521049,-1.5551668884902026,0.0014690038247275842
-1.4893267319379262,-2.297491517367575,2.8199292370767726,-2.3766432081457944,-1.5549875147714276,0.0014392184456742767
-1.4864315584724601,-2.298803995311874,2.821877150823151,-2.3863826980474414,-1.5548073773014983,0.0014099924004082032
-1.4834849165945687,-2.3001538729809567,2.823758285196253,-2.395994597651161,-1.5546312502451087,0.0013813151855742187
-1.480478888618091,-2.301541413168661,2.825582205943639,-2.405445897370798,-1.5544599062722237,0.0013532156259492695
-1.4774094123120254,-2.302967351207734,2.8273557069322868,-2.414738246646288,-1.5542931435790868,0.001325663884668189
-1.4742744708450026,-2.304432698716247,2.829083082110297,-2.4238756797712937,-1.5541307393274721,0.0012986566803439331
-1.4710730998353043,-2.3059382133344215,2.8307676153273245,-2.432861322121619,-1.553972524083746,0.0012721735185219183
-1.467764045732931,-2.307341962504258,2.8324395861009597,-2.4419847148748315,-1.553812363060672,0.0012463390765968339
-1.4643366702850067,-2.3085613000661573,2.8340828136909386,-2.451261363660931,-1.5536477108628306,0.0012209434834212483
-1.4607903192651146,-2.30953730188304,2.8356947738861007,-2.4606967833252913,-1.5534778805040825,0.0011959838301526572
-1.4571296075117786,-2.31022956422681,2.837275088800774,-2.4702943976596448,-1.5533015445144427,0.0011714562644444023
-1.4533615671140636,-2.3106107906379383,2.8388243191189835,-2.480056315649144,-1.5531190375868291,0.0011473919750557967
-1.4495606223484652,-2.3109203277639576,2.8403459632435455,-2.489918467146403,-1.5529629804428473,0.0011235220686836985
-1.4457563065380463,-2.311324129951718,2.841833658935648,-2.4997649148717893,-1.5528386585386198,0.0011001154749623742
-1.4419537900017918,-2.311932202175753,2.843293508995076,-2.509579183423305,-1.5527470479362324,0.0010773664106481728
-1.438148092776031,-2.3128212284962446,2.844727008228846,-2.519365635814331,-1.5526864250779828,0.001054768477915445
-1.4343317218155918,-2.314044708148436,2.8461343429555668,-2.52912741485271,-1.5526600731045614,0.0010328632280128581
-1.4308204799358757,-2.315717701515463,2.847510878853002,-2.5386106258437726,-1.5526718401844837,0.0010107569728747023
-1.4277935223227407,-2.317872999384482,2.8488793494509395,-2.5478077436093356,-1.5527287774065561,0.000988863080479391
-1.4253576810124358,-2.320528202007905,2.8502426773418232,-2.556718674673978,-1.552834689330112,0.0009672910862566504
-1.4235251390251253,-2.3236794628676534,2.851594954857517,-2.565343798753389,-1.552993518165705,0.0009461925425874065
-1.4222849693150932,-2.3273110823781478,2.8529299004618047,-2.573684649422785,-1.5532059158313465,0.0009255960238375236
-1.421626365730794,-2.3314093318865363,2.8542429343952587,-2.5817430425579952,-1.5534708940485855,0.000905480824303301
-1.4215385025965024,-2.3359619304322328,2.8555307400092214,-2.589521000007478,-1.5537873086676397,0.0008858329348731784
-1.4220104772369238,-2.3409576839616597,2.8567909448551063,-2.5970206901949484,-1.5541540938980323,0.0008666487941727934
-1.4227930312446666,-2.346013753781521,2.8580015172889057,-2.6042768565330294,-1.5543215405553585,0.0008484445013515784
-1.4234656785374207,-2.3508220429841025,2.8591347086232743,-2.6113156332533163,-1.5543004803927152,0.0008313139430146664
-1.4237968530339762,-2.3551965329506817,2.860231282377049,-2.6185244766225626,-1.5540986938761967,0.0008148685897755765
-1.4236815826169253,-2.359123452784178,2.861277199216269,-2.6259155605996103,-1.5537217241678032,0.000799034596874794
-1.4230555006892964,-2.362593440797776,2.8622764768279687,-2.63349046411922,-1.553172925441519,0.0007835263643712482
-1.422347255919326,-2.365910128410748,2.8632615760206983,-2.641150272125652,-1.5524809652482878,0.0007698122553938196
-1.4218410980116631,-2.369458525550115,2.864229767220057,-2.6486308065169073,-1.5519244119633362,0.0007582207145468614
-1.421692986412611,-2.373454017107361,2.8651988479256056,-2.6558986775953124,-1.551543744697981,0.0007491496108427561
-1.4219507393032178,-2.377901831006291,2.866169608323924,-2.6629761915490624,-1.5513413288058306,0.0007428426389456461
-1.4226396199573548,-2.3828043913356844,2.867136909990841,-2.6698725172848006,-1.5513162671754044,0.000739018840592067
-1.4235676613647696,-2.387850554607224,2.868112901096961,-2.6768964793915115,-1.5512605305490292,0.0007593040656455323
-1.4245579027392319,-2.392542784354448,2.86906637356046,-2.684103267744597,-1.5510858910370493,0.0008053314436898968
-1.4256085985676126,-2.3968832740144226,2.8699974296791964,-2.6914942946312537,-1.5507728206924112,0.0008762164161615922
-1.426716278689931,-2.400873582879813,2.870907396972714,-2.699069340711255,-1.550319202593028,0.0009714706899620373
-1.4278861706197428,-2.4045161619007773,2.871798817418623,-2.706827458110369,-1.5497436138430938,0.001090758830070178
-1.4290574809862315,-2.4078021592497634,2.87266789228684,-2.7147679844900203,-1.5492556348327935,0.0012039200509017852
-1.4302028541923855,-2.41072842065133,2.8735151189747454,-2.722890042819918,-1.5488963380893648,0.001308075047952854
-1.4313048750284936,-2.4132937366115135,2.8743413871307073,-2.7311930416689796,-1.5486661181907677,0.0014032172204544
-1.432351662824405,-2.4154979244480104,2.8751477540216563,-2.739676431490129,-1.548560155521396,0.0014895079477693057
-1.4333354184342737,-2.417341535236217,2.8759353310870255,-2.748339640541996,-1.5485745222651828,0.0015671457269038995
-1.4343271712317502,-2.4188394074846133,2.876710350047622,-2.7571826981900855,-1.5486036993214654,0.0016329226367454827
-1.4353672619990072,-2.4200008974906893,2.877474868440989,-2.766205356810503,-1.548627955827919,0.0016866456895742342
-1.4364816053345284,-2.420832603098784,2.878229541190708,-2.77540699214738,-1.5486470804917243,0.0017285448969279315
-1.4377294054496395,-2.421552715511518,2.878935561982359,-2.78439700239796,-1.5486609956194521,0.0017587511051198044
-1.4391677082589556,-2.422445428050547,2.8796173822614533,-2.793136828631969,-1.5486701452390315,0.0017775857541886262
-1.4406912618461596,-2.4234633051553343,2.8802727930004357,-2.8016282236880508,-1.5486863921898284,0.00178893375049099
-1.442235234987295,-2.4245752695610405,2.880910675557834,-2.8099547107499836,-1.5487100485681025,0.0017932660020633924
-1.443759257798447,-2.4257672829872234,2.881528737009609,-2.818135348271576,-1.5487392143790215,0.0017905721956928285
-1.4452381431163295,-2.4270314195184644,2.8821271285493566,-2.826173492153211,-1.548773308809085,0.0017810377472899323
-1.4466560466529972,-2.4283631044687755,2.882707151465038,-2.8340714560234503,-1.5488112934344787,0.0017647798411490377
-1.4480033130365733,-2.4297597645823323,2.883270317625109,-2.8418318442696395,-1.548852680456727,0.0017419117012374193
-1.4492201483071123,-2.4311532235315494,2.8838317174661032,-2.8496155229141804,-1.5489110514137412,0.0017583765041479698
-1.4502740564696779,-2.432508127418452,2.884384167330381,-2.857452456143105,-1.5489876299290666,0.0018181316329353592
-1.4511469474787433,-2.4338017115975603,2.884924668926382,-2.86534234816038,-1.5490813077858423,0.0019206005579890093
-1.4518296397075774,-2.435019172563063,2.885452784361255,-2.8732826093103365,-1.5491909809043798,0.0020649077740838183
-1.4523185039305915,-2.436151217301672,2.8859688100582526,-2.881271513403297,-1.5493159908187883,0.0022501865640010155
-1.4528439158711075,-2.4373117326028746,2.8864583427818093,-2.8890370105823613,-1.549501566759736,0.002427384781435368
-1.4535504815023395,-2.438549522226715,2.8869436882544304,-2.8965714750751865,-1.5497598324263355,0.00259190731861714
-1.4545281918025643,-2.4398925599019683,2.8874293187226514,-2.9038751871338566,-1.5500933000298258,0.002743733240366258
-1.4558313288798255,-2.441354159680725,2.887915725682714,-2.9109491384048285,-1.5505015701101743,0.002883166754805576
-1.4574920197252315,-2.4429391684861295,2.888402067588404,-2.9177942153439544,-1.5509845079751554,0.003010654635632192
-1.4592591279220706,-2.4441940780315456,2.8889279603927758,-2.9248231723249294,-1.55137842725175,0.0030631731155012143
-1.4610475397039282,-2.4451102375365745,2.8894774766900766,-2.9320465551901975,-1.551646138600985,0.0030357356566363264
-1.4627998546157643,-2.445679534784141,2.8900519420790367,-2.9394646844534518,-1.5517831517293812,0.0029290600590299734
-1.4644797381201256,-2.445897241985419,2.8906544148647737,-2.947077018956463,-1.551792805045258,0.0027448922096692365
-1.4660643327138538,-2.445761023687418,2.8912877122771485,-2.954883037580456,-1.5516782729552443,0.0024847842045550694
-1.4675859022688587,-2.445280248818567,2.8918038816440728,-2.9628522697427355,-1.5516025664728958,0.0022695824465940317
-1.4690854128329873,-2.444463859080034,2.8922059895347023,-2.970984471693283,-1.5515973263490705,0.0021111972375091577
-1.4705849331433014,-2.4433545252217446,2.892333766162434,-2.979194783998451,-1.551664081598818,0.0020093222662393518
-1.4721606331886496,-2.442203864371242,2.8923145746492906,-2.9871697932696177,-1.5517969518112473,0.0019625861236337912
-1.4739076767453867,-2.4415010969016135,2.8921587502891564,-2.9948456499363214,-1.5519924293930103,0.0019699591505765728
-1.4758549368191283,-2.440955371371791,2.8918740593671544,-3.0022571581476543,-1.5522620550273825,0.00196677349443129
-1.478025941924718,-2.44030024293697,2.8914655583853186,-3.009438611807376,-1.5526068018641093,0.0019465049567606542
-1.4804584735896635,-2.4393778419323384,2.890937635298258,-3.016412374068722,-1.5530247529394197,0.0019090943133882072
-1.4832128031143628,-2.4382013639140525,2.8902938694120897,-3.0231812523807,-1.5535128117214183,0.001854814285846811
-1.486318061363038,-2.436778300493082,2.8895363043919136,-3.02974695926056,-1.554070960888046,0.001784097108011467
-1.4896428554761645,-2.4350869595510884,2.888657412264223,-3.036107621598321,-1.5545921144838866,0.0017275083646149949
-1.4930982116559046,-2.433166970484942,2.8876515502538274,-3.0422557702900797,-1.555053280853328,0.001687785396429395
-1.4966559713960363,-2.431202314823618,2.886514872165442,-3.048168855491293,-1.5554514279124931,0.001664729043334804
-1.5002854093872395,-2.4293246050288757,2.885244427768891,-3.0538301393413874,-1.5557881349853828,0.001658018985332049
-1.5039579332939375,-2.4276281033648424,2.883837897263883,-3.0592275028009706,-1.5560658134098952,0.0016673090116262903
-1.5076332370563938,-2.4263523406536494,2.8822900140807595,-3.064330528800484,-1.5562381041312061,0.0017004873622365718
-1.511224513191683,-2.4254780449787896,2.880596944066012,-3.0691378051079,-1.5562999238413018,0.001757997569162686
-1.5146763104143115,-2.424991712586971,2.8787562464122316,-3.073649094853855,-1.5562519592305812,0.001839366248964919
-1.5179538301342477,-2.4248835662875656,2.876766657093254,-3.077864662253981,-1.556095556098134,0.0019440882157547646
-1.521035889335657,-2.425146284683118,2.8746276905333983,-3.081785078062962,-1.5558322227815018,0.0020716659568356414
-1.5239209215296046,-2.4257763530588194,2.8723396887131027,-3.085411751924403,-1.5556411780060182,0.002175282544775222
-1.526625405313575,-2.4267517157882517,2.869993697711154,-3.0891232527216945,-1.5555559196039317,0.0022505600272254163
-1.5291751268359894,-2.4280753340799706,2.8678643453653856,-3.0929819870648543,-1.5555767119963733,0.0022976401146997246
-1.5315658906171896,-2.429744850236437,2.8659488708021184,-3.0969896099250236,-1.5557003786739638,0.0023173320600777896
-1.5337955925578504,-2.4317575809608587,2.8642462082490345,-3.1011456482488806,-1.5559239094829538,0.0023100782053788725
-1.535902915840683,-2.4337179750935936,2.8627627084217946,-3.105501154785643,-1.5562203252499853,0.0022668730689671245
-1.537930102227672,-2.435338713104033,2.8614681628216956,-3.1097302084336365,-1.5565826683851811,0.002187439026464304
-1.5399823192079036,-2.436637792219705,2.860378555073624,-3.1138257589618603,-1.557005935433222,0.002072269596819922
-1.5421279662640768,-2.4376300315354014,2.859498742908167,-3.1177887607561403,-1.5574905877097307,0.0019221977741375456
-1.544411074336323,-2.438325957843046,2.858831235099251,-3.121620591589777,-1.5580372133245288,0.0017379866342437764
-1.5470677504628807,-2.4387713889865865,2.8583889774851423,-3.125327024167963,-1.558574100271465,0.0015541621610077737
-1.5500766978662772,-2.4389675279989023,2.8578866342426363,-3.1288592714211165,-1.559099654538777,0.0013745073206318985
-1.5535211168213647,-2.4393096195297486,2.8572693151691007,-3.132160706707373,-1.5596104824817354,0.001199114636439037
-1.55747651137869,-2.4401485997410637,2.8565381336643743,-3.1351893930535524,-1.5601070173830425,0.0010278458680931465
-1.5619404993054604,-2.4414603244511404,2.855727212822714,-3.13831370304288,-1.560593564381329,0.0008608735188251771
-1.5669077473889423,-2.443246040534243,2.854826520067698,-3.1415425753265525,-1.5610675061615484,0.0006979356337898685
-1.572304191945221,-2.445199177837015,2.8538331990758508,-3.1449134787389807,-1.561532155463787,0.0005393104729680206
-1.5780688286958937,-2.446999632852417,2.8529877946479516,-3.148506366394404,-1.5619872972628974,0.00038484622720634553
-1.5841204002096665,-2.448519056084237,2.852383586002045,-3.1523516595062007,-1.5624337551337535,0.0002344374253915736
-1.5896798764479179,-2.4496172245582937,2.851979422548539,-3.156429575348299,-1.5629051721096603,8.848246717763837e-05
-1.5946895680840383,-2.4502844808997417,2.8517742565545587,-3.160736440770696,-1.5633727957260473,-5.371250269429933e-05
-1.599144238873174,-2.4505440093469675,2.8516058535475035,-3.164882486614376,-1.5638283671321183,-0.00019260191519566516
-1.6030358979102712,-2.4503925966545834,2.851273374841133,-3.168821834324416,-1.5642705816088274,-0.00032806982629907295
-1.6063692585663734,-2.449831507315272,2.8507796082126484,-3.172553530615783,-1.5646994752009975,-0.00046013337135348545
-1.609148572683803,-2.4488627519466615,2.8501257198104146,-3.176078395301615,-1.565115328351482,-0.0005888894964164138
-1.6113776612477786,-2.447488510520772,2.849312474582414,-3.179397469332198,-1.5655188888439575,-0.000712904657844593
-1.6130714210643897,-2.445726384785317,2.8483743946601363,-3.182873817618045,-1.565909712559849,-0.000832065989292227
-1.6142656409856906,-2.443727142744995,2.8472997497353503,-3.186502334711957,-1.566287474984476,-0.0009465839644625052
-1.615204640723848,-2.4416350431713667,2.8460992371630605,-3.1902765612917694,-1.5666423541595775,-0.0010566124827521993
-1.616282793350275,-2.439583073026566,2.844792112437663,-3.194198442060242,-1.5669655402601916,-0.0011623285697113222
-1.6173931382529259,-2.437583128743806,2.8433719746849144,-3.1982611394045866,-1.5672804105465719,-0.0012670342870881419
-1.6184657710830574,-2.435650055234415,2.8418353256329536,-3.202458461136403,-1.5675899068490888,-0.0013711409801438765
-1.6194542463466366,-2.433798511501615,2.840179859206478,-3.2067854787084054,-1.567893148376487,-0.0014747615176903958
-1.6203290638645818,-2.432041571320796,2.838428565681239,-3.211242259458738,-1.5681887861685335,-0.0015778227443244827
-1.6210713058660131,-2.430390066155171,2.8366154368662824,-3.2158313338044393,-1.5684759660974048,-0.0016803623461061638
-1.6218778566325596,-2.428954281329161,2.834724049111378,-3.22054304992395,-1.5687186280482224,-0.0016403144487311925
-1.6228673403775404,-2.4277984946136386,2.83273885353769,-3.22537117062912,-1.5689139863301305,-0.0014455115168814127
-1.6241120339005286,-2.4269589957881434,2.830650811063765,-3.2303117606036817,-1.5690664507560506,-0.0010979148049798367
-1.625654760030994,-2.426454731352883,2.8284622567920166,-3.2353633653622107,-1.5691786494507884,-0.0006006579040438707
-1.627519380515804,-2.426294321410993,2.8261739933179846,-3.2405255914272164,-1.5692525819630367,4.317106317091733e-05
-1.629550958647985,-2.426365997744213,2.8237910939560047,-3.245807346794765,-1.569317121678109,0.0005892931117313335
-1.6316583958184363,-2.4265989342044025,2.8213502968067354,-3.251218892468911,-1.5693756092731046,0.0010143388302930405
-1.633785620248031,-2.42694770319432,2.8188792844833035,-3.256767774535026,-1.5694254045842548,0.001318908619081029
-1.6358986387922112,-2.4273828708213894,2.8163990471908744,-3.2624592415772984,-1.5694650956462612,0.0015055716260378026
-1.6379771790020803,-2.4278852012377827,2.813925327099423,-3.268296869514868,-1.5694941505789892,0.0015769103873798068
-1.639986159327013,-2.4283316903801695,2.811469233346195,-3.2742975794422797,-1.5695147303947536,0.0016203421245406808
-1.641912069557472,-2.4286374235162285,2.8090391197242877,-3.2804740330823954,-1.5695266150343121,0.0016455519489708078
-1.6437524904250913,-2.428743496785323,2.8066412643553003,-3.286835488058728,-1.5695293531094876,0.0016534659852577747
-1.6455099488157499,-2.428612644789485,2.8042752919167895,-3.2933327362064873,-1.5695227993588492,0.0016443661573574066
-1.647187878019668,-2.4282268512255727,2.8019315327442422,-3.2997781625821676,-1.5695070505869482,0.001618554025964561
-1.6487870761613368,-2.4276358783867007,2.7996480358985347,-3.306261488480207,-1.5694860807112767,0.0016044847470214948
-1.6503047821531907,-2.4268854511187756,2.7974359879354203,-3.3128083248623503,-1.5694611738378548,0.001604917106108905
-1.651736416511939,-2.426009874789308,2.795302914654226,-3.31942113708539,-1.5694327343772596,0.0016197152988118438
-1.6530771075855444,-2.4250345847864936,2.793254283705572,-3.3260991862787663,-1.5694006554424766,0.0016486075336289748
-1.6543226867675185,-2.4239787573878013,2.7912936027504425,-3.3328417508940307,-1.5693650998892454,0.001691278874257379
-1.6554698039204903,-2.4228569885756643,2.789422870308605,-3.3396481112808964,-1.5693260442169668,0.0017474541405884923
-1.6565846914863045,-2.4221251687570113,2.787404641654738,-3.346169514546337,-1.5692812394626061,0.0018046953346236
-1.6576137379729428,-2.421764950792261,2.785246882285025,-3.352394335758231,-1.569236439823762,0.0018617950326724336
-1.6585234774455426,-2.4217664680150124,2.782949385192275,-3.3583220688211015,-1.569191512589714,0.0019186837672913102
-1.6592933932296139,-2.422122567187815,2.7805119260279745,-3.36395317484986,-1.5691459746087997,0.0019752986991341793
-1.659911140444871,-2.4228276491450065,2.777934606729241,-3.3692883280169523,-1.5690989728870226,0.0020316938659954574
-1.6604454292738,-2.423891674926898,2.775221045826627,-3.374330343729625,-1.5690487243912177,0.0020873987728041777
-1.6609409511091442,-2.4253199262746534,2.7723735061012125,-3.3790815098987665,-1.5689961880320313,0.0021423857381232436
-1.6614267064084722,-2.427114556242714,2.769393519121425,-3.3835436095062854,-1.5689424055228018,0.002196674077973827
-1.6619213826065675,-2.429275632556219,2.7662821312874475,-3.3877180658390977,-1.5688881104129946,0.002250286414057868
-1.662436815096512,-2.4318018279514786,2.763040073135161,-3.3916060500866267,-1.5688336707374075,0.0023032710514196172
-1.6628991407442781,-2.4346755770846316,2.7597268484985538,-3.395213916909921,-1.5687676957241936,0.0023563603437881885
-1.6632048553906247,-2.4376251206518313,2.7566242785136468,-3.3986127282299097,-1.5686892977185607,0.002409636620463835
-1.6632301063947035,-2.4402032450388114,2.7537260216640007,-3.4018664646216608,-1.5685996984919959,0.0024631236979601933
-1.6630093526372667,-2.442421352093318,2.751032588797424,-3.404978766798931,-1.5684914110538468,0.0025167837474202627
-1.6625659324790183,-2.444287888681773,2.7485452672591393,-3.407951380252486,-1.5683641982239258,0.002570624089770234
-1.6620764496136662,-2.4458403225181384,2.7462709312378375,-3.4107899701768574,-1.5682401839403095,0.0026243257886577635
-1.6616562595362037,-2.44710402617231,2.7442134677873447,-3.4134987841180107,-1.5681268878112211,0.0026778638322752513
-1.6613793893302744,-2.4480960854836766,2.7423751912740375,-3.416080768846099,-1.5680269747828965,0.0027312446591273806
-1.6613184112952297,-2.4489674546338156,2.740500658224608,-3.418487226036156,-1.5679404685045872,0.002784486225647157
-1.6615294501729585,-2.449880176592846,2.7385023032306104,-3.4206854365842454,-1.5678676713252067,0.0028375811112723664
-1.6619116330823895,-2.4509202660446348,2.7363783119198626,-3.422655986549275,-1.5678010468320722,0.002891160554900361
-1.6623919884489244,-2.452155928942452,2.7341280994368935,-3.4243836579227285,-1.5677375300790173,0.00294527478572442
-1.6629174972807248,-2.4536403447291315,2.731751511223983,-3.4258568078567824,-1.5676752712126787,0.0029999235769590546
-1.663449836346163,-2.4554143445665852,2.729248667542351,-3.427066668600443,-1.567613894510634,0.003055095677107529
-1.663961293143177,-2.4575072994454925,2.726621297177035,-3.428026351862679,-1.5675529712629406,0.0031107813712556377
-1.6644321486380893,-2.459938358674217,2.723873539353801,-3.428791613492515,-1.5674920588003187,0.00316697594695417
-1.6648429683075554,-2.4627038485316968,2.721018193274088,-3.429383055926546,-1.5674310268443903,0.0032236498408869077
-1.665216662510311,-2.4657193362979495,2.718107367103304,-3.429951741732166,-1.567369340388845,0.003280751242540185
-1.6655665357464051,-2.468909767021559,2.715164686436493,-3.4305282191133193,-1.5673072745367889,0.003338214399811617
-1.6659055931508262,-2.47221851705985,2.71220884610564,-3.4311102930081354,-1.5672449594787032,0.0033960453212146043
-1.6662457195276565,-2.4756021859794317,2.709254568244193,-3.4316934023984906,-1.5671824581540637,0.0034542513137037468
-1.6665972820601502,-2.479027629685509,2.706312814547593,-3.4322743384701475,-1.5671198672153936,0.003512817082753228
-1.6669441299805416,-2.482452867854618,2.70340383738695,-3.43302447199896,-1.5670565996491395,0.0035717527035587096
-1.667276626836797,-2.485862249086014,2.7005240639180363,-3.433952374798363,-1.5669922090863608,0.003630985842409151
-1.6675895837381798,-2.489242573929148,2.697675822891383,-3.4350605724059182,-1.5669264444376465,0.003690533420971704
-1.6678806084889077,-2.492584502206518,2.6948612266576646,-3.436350447797726,-1.5668592085612851,0.003750398788488403
-1.6681489238004528,-2.4958815538633314,2.6920816997720936,-3.4378228923021323,-1.566790434749205,0.0038105746854555944
-1.6683818461365783,-2.4990100429303697,2.689340461598029,-3.4394981633571766,-1.5667206944821086,0.0038711584039177057
-1.6685796257125842,-2.5018812978601033,2.686640189850627,-3.441392157988072,-1.5666494666039483,0.003932146935622734
-1.6687486534211824,-2.504431567262063,2.6839834281423713,-3.4435168637094753,-1.5665763903812338,0.003993536349927617
-1.6689099357828154,-2.5066653622848762,2.681373858782053,-3.4458735140642918,-1.5665008088652062,0.004055329167075132
-1.6690778368621486,-2.5085883379870624,2.6788139699580364,-3.4484622215631773,-1.5664229872123823,0.004117519237062553
-1.6693466888534618,-2.5102207944663113,2.6763050667963,-3.4512849611958374,-1.5663443874883085,0.004179942444096142
-1.669785935758713,-2.5116097356973146,2.6738478710473585,-3.4543377704670326,-1.566266457135779,0.004242565362716199
-1.6704430978035356,-2.5128319163860082,2.6714292911936623,-3.457419809945849,-1.5661899467990077,0.004305232887126993
-1.6713440600666403,-2.5139364347467446,2.669047488664781,-3.460356688199013,-1.5661166334517682,0.004368140505212001
-1.6725033609980557,-2.514948243518618,2.66671069186261,-3.4631288776089835,-1.5660476685400655,0.0044313215559234715
-1.6737541708308232,-2.5161526083942656,2.664377399368887,-3.4657264781953003,-1.5659820583517865,0.004494649869858191
-1.6749487281669246,-2.517689979649721,2.662014851191449,-3.4681852099910326,-1.5659190930561309,0.004558113491851081
-1.6759447986417237,-2.5195278456086694,2.659590541490518,-3.4705472480500617,-1.5658583608162675,0.004621690760489251
-1.6766499616003687,-2.5216455110319966,2.657080373080186,-3.47282420656212,-1.565797911893077,0.004685462216914598
-1.6770049280408013,-2.524028714514444,2.654468807320954,-3.4750200612963984,-1.5657350072533551,0.0047493066193108205
-1.6771497419683903,-2.526691665595762,2.6518276797923694,-3.477301822771591,-1.5656630006662546,0.004813402057799966
-1.677175977192732,-2.5296520537615352,2.649191713800409,-3.479691916360324,-1.5655829329294861,0.004877703126620402
-1.6770910674736141,-2.5326994098128606,2.646579381071199,-3.482230635146611,-1.5654987833025051,0.004942180634976901
-1.6768862527086494,-2.535566163275345,2.6439990144728824,-3.484940614850845,-1.5654119862263296,0.005006823300796208
-1.676586679390352,-2.5381135411259335,2.6414602542708803,-3.487794160023262,-1.5653213825066412,0.005071627994460473
-1.676002631341506,-2.540430974225165,2.638976874822844,-3.4908460519105575,-1.5650542194323018,0.005136491969870231
-1.6750090499126988,-2.5426598652166947,2.636551794793577,-3.4940662131505333,-1.5646097040019917,0.005201527844945312
-1.6736292767452399,-2.54493245236111,2.634189081842949,-3.4974307964582163,-1.5639855203009847,0.005266769261990212
-1.6718904208421361,-2.5473490417330904,2.6318892779957324,-3.500921897486195,-1.5631803508665802,0.0053321971958948805
-1.6698132922678242,-2.549983601403392,2.6296508838463284,-3.5045259488084723,-1.562193515209429,0.005397796438435077
-1.6675005669541807,-2.5527410009497493,2.627461925041493,-3.508232412085928,-1.5610221288661017,0.005463797020765473
-1.665393195456772,-2.555631176123747,2.6252960035034922,-3.5117370018331484,-1.5596492684283145,0.005530195527971099
-1.6637292076410815,-2.558595747974785,2.6231638963772155,-3.5150536438358277,-1.5580668647439535,0.005596994883759947
-1.6624720915758209,-2.5615464031157757,2.621063587978587,-3.5181979641726078,-1.5566523793135045,0.005663619809001252
-1.6616078153589415,-2.56441904780975,2.618994420245288,-3.5211808841545076,-1.5554191800094006,0.005730831134886028
-1.6611020941911578,-2.5670737639627474,2.6169378049382543,-3.524046703953291,-1.5543740837659847,0.0057977119296753745
-1.6609537518152968,-2.56948814573462,2.614906580067063,-3.5271402788061423,-1.5535108370100126,0.005863837270413729
-1.6610087264841207,-2.571641842050868,2.6128780812445025,-3.530468453036264,-1.5528394596133377,0.005928944195131721
-1.6610842483940704,-2.573504517720398,2.6108465487151173,-3.534025947061093,-1.5523664470820882,0.00599321714739473
-1.6610577767474153,-2.5750564240623977,2.608809212408918,-3.5378080238437564,-1.552095485655734,0.006056732277512496
-1.661001471807849,-2.5763133266770835,2.606780263770326,-3.5418169004930653,-1.5520235006925172,0.006120188484207525
-1.6609640704947843,-2.5772866690404377,2.6047691566176083,-3.546054125773844,-1.5521377437038624,0.0061836643499210775
-1.6609822321326535,-2.577985400027478,2.602782259549641,-3.550520520152575,-1.5522791366253763,0.00624719764821311
-1.6610741190695193,-2.57841524506276,2.6008241162005805,-3.5552163439483695,-1.5524159276978262,0.006310729544337711
-1.6612519619893724,-2.5785806314147512,2.598897565603932,-3.560141475496601,-1.5525468448385138,0.006374253675388764
-1.6616890952778667,-2.5785156219801415,2.5970292274800357,-3.565302113095469,-1.5526755122454807,0.006437976557622723
-1.6625456778837222,-2.57855134248235,2.5952309669251608,-3.5702886684003206,-1.5528039512457377,0.006501800410176337
-1.663901948652085,-2.5790320856552778,2.5935482418856215,-3.575029883649365,-1.5529355126323126,0.006565840293091741
-1.6657536204993828,-2.5799529730328894,2.5919854724100952,-3.5795224398312193,-1.5530730279022877,0.006630524021451253
-1.6680970183064767,-2.581310921463873,2.590541004708388,-3.5837671291931237,-1.5532187752437459,0.0066945462502557215
-1.670703460916118,-2.583054371146067,2.589038640931331,-3.587745058616705,-1.5533598083106075,0.00675878091362945
-1.6732553994999044,-2.585063658090366,2.5874180704273675,-3.591455001706084,-1.5534978946639515,0.006823000567898276
-1.6754718012877428,-2.5869518587224865,2.585661547249525,-3.594951973405979,-1.5536319645778751,0.006887161017906656
-1.6772021086123114,-2.5884544214824565,2.5837778967973195,-3.5986380124568873,-1.5537577536289173,0.006951366811037371
-1.6784353410672719,-2.589578052720858,2.5817567011557077,-3.602526671932646,-1.5538701268923947,0.0070156665648870836
-1.6792652318312074,-2.590341926354075,2.579596688929379,-3.60662152187945,-1.5539729476770954,0.007080096341690253
-1.6797959261243396,-2.590766626448124,2.577297095266035,-3.610925227642447,-1.5540672891858323,0.007144686599470873
-1.6801042100088677,-2.5908883099568376,2.574858570403966,-3.615435744058534,-1.5541543521544978,0.007209430765475778
-1.6802547350909434,-2.5907887650417063,2.5722849515920116,-3.620141507111235,-1.554234384473121,0.007274321836927287
-1.6802872165364175,-2.5905293216180216,2.569621775758766,-3.625036080861987,-1.5543089707940096,0.007339344270112181
-1.6802482751824328,-2.5901589485909,2.5669141697751012,-3.6301156117554547,-1.5543787482088016,0.007404488048376943
-1.6801672611809513,-2.5897119780353317,2.564193338678439,-3.635376931319549,-1.5544443091287479,0.007469742089751703
-1.680062473676038,-2.589212656423966,2.561480686980928,-3.640817418427553,-1.5545060702689013,0.007535095363531753
-1.6799451630233138,-2.5886782360710914,2.5587907706146913,-3.6464348784627125,-1.5545643175549104,0.007600540777881952
-1.6798221114422853,-2.588121084363587,2.5561333634059054,-3.652227452084898,-1.5546192533113423,0.007666073537742162
-1.6798024344971132,-2.587548500679645,2.5534537473676235,-3.657839023705218,-1.5546715019909065,0.007731827128350088
-1.6799628944695508,-2.5869283351574897,2.5507436428942927,-3.6632654068746535,-1.554722425545711,0.007797872748079654
-1.6803558042620261,-2.5862380062616386,2.5479887841369404,-3.66851306971102,-1.5547729806577393,0.007864183217202232
-1.6810163010005428,-2.5854581936830434,2.5451792113903324,-3.6735882856526128,-1.5548237033277874,0.00793073430414972
-1.6819675628376702,-2.584572656709346,2.5423087231896697,-3.678496335540619,-1.5548749889466837,0.007997504642951807
-1.6830947306854123,-2.5839834528762604,2.5393219113913723,-3.6831493766836525,-1.554928425755827,0.008063633246959254
-1.6842272461097492,-2.583728289072441,2.536229550987679,-3.687527282606026,-1.554985643228011,0.008129007833438904
-1.685231890549293,-2.5837801953613178,2.5330348616776295,-3.691626795915754,-1.5550456889341853,0.008193649695470602
-1.686019800317435,-2.584120334061864,2.5297398809277807,-3.6954464821748014,-1.5551065756873244,0.008257526327384102
-1.686532951222963,-2.584735385586476,2.5263461786040575,-3.698985792100093,-1.555168085386849,0.0083208280517472
-1.686837049428122,-2.5856338521311533,2.522853497271828,-3.7022473435419787,-1.5552222614942315,0.008382949769856715
-1.6869773839226725,-2.5868206692470532,2.5192615229284043,-3.7052334434917924,-1.5552681196899683,0.008443810309807617
-1.6869854667971835,-2.5882982536107266,2.515570066030708,-3.707945962571873,-1.5553061544475975,0.00850341635506615
-1.6868833517185866,-2.5900672782958427,2.511779016856816,-3.7103864577612042,-1.5553369205745133,0.008561775505449967
-1.6866865744276895,-2.5921271992876465,2.50788830629124,-3.712556256293086,-1.5553608381341508,0.008618911692345561
-1.6864367313445268,-2.594481945599865,2.503897342257041,-3.714457262259955,-1.5553821735808913,0.008675281335927394
-1.6861622060540067,-2.5971330524524148,2.4998055633387923,-3.7160910933336537,-1.5554025366831852,0.008731006992039318
-1.6858819549304207,-2.6000802947877,2.495612518095583,-3.7174590058953196,-1.555421437573,0.008785970926554799
-1.6856087659886105,-2.603322276781608,2.491317765334498,-3.7185620509964172,-1.5554394041064186,0.008840217355828035
-1.68535114875224,-2.6068567855923086,2.4869208600819763,-3.7194011272686067,-1.5554567296313415,0.008893767073306365
-1.6851168174438016,-2.6106814022106377,2.4824212917129085,-3.7199770647465833,-1.5554733000385208,0.008946364968233785
-1.6849107411273165,-2.6147931684766066,2.477818526868767,-3.7202905809418954,-1.5554891670180053,0.008998009351852024
-1.6847348159033027,-2.6191921342828377,2.4731572692148913,-3.7203440650021333,-1.5555044414612977,0.009048706860922245
-1.6845896899155437,-2.623879084472083,2.468489656446673,-3.7201401441161566,-1.5555191942029836,0.009098472904635585
-1.6844456867931703,-2.6287284069219323,2.4638394819604126,-3.7197039680503403,-1.5555338817800037,0.009147288172432396
-1.6842936406719156,-2.6336842037472037,2.459222818645922,-3.719048729071446,-1.5555482257739786,0.009195208008290589
-1.684130592731898,-2.63870337774159,2.4546521096326175,-3.718184931274358,-1.5555621455714488,0.009242240349548717
-1.6839573185489145,-2.643750136761238,2.450138257417544,-3.7171545875958727,-1.5555751128624717,0.009288356062459362
-1.683777723124867,-2.6487887566264776,2.445693626410647,-3.7161175842866268,-1.5555881314810307,0.009333697994640016
-1.683595194019675,-2.6538029497642865,2.441317751295139,-3.7151070537407063,-1.5556007828377245,0.009378223126069203
-1.683338729460282,-2.6585187888770716,2.43702786901486,-3.7143321998617336,-1.5556141621797135,0.009421595480526916
-1.6830218304734417,-2.662949466495326,2.432853329555307,-3.7138027017662383,-1.5556271426776382,0.009463881477217245
-1.682654213925039,-2.66710328543293,2.4288197160636087,-3.7135199167792985,-1.5556396053993462,0.009505127034010052
-1.6822430060885234,-2.6709871472218465,2.4249441985945297,-3.7134843508318283,-1.5556517194112909,0.00954534445018277
-1.6817934804276917,-2.6746069762199816,2.4212377024112435,-3.7136961552881234,-1.5556635891931492,0.009584549775984655
-1.6813606451008702,-2.6779497462637907,2.4174252889280847,-3.714134422212196,-1.5556747181032031,0.009623232629643676
-1.6809722329720518,-2.681032610199457,2.41343136424633,-3.714568904347023,-1.5556852831693382,0.009661330912392626
-1.6806461778921877,-2.683859147337086,2.409260257055554,-3.7149498970921857,-1.5556961641921156,0.009698994316071059
-1.6803945712447896,-2.686431852433894,2.4049141561337093,-3.715274886106887,-1.555706843861439,0.009736035738941643
-1.680225176110358,-2.688753306750518,2.400393904519819,-3.7155464499237505,-1.555717014239091,0.00977263508011344
-1.680105487569374,-2.6908019721678467,2.395712028059711,-3.7160111074309237,-1.5557267220027773,0.009809194337373268
-1.6800107504428246,-2.6925778860991003,2.3908646146647654,-3.716709554699477,-1.5557355202841237,0.009845742764060647
-1.6799235676159376,-2.6940812915798444,2.385851012032482,-3.7176429029054234,-1.5557432046418636,0.00988227277725099
-1.6798318204525535,-2.6953125009218484,2.3806717208850383,-3.718810413087248,-1.5557498250772182,0.009918830680640983
-1.6797270882873612,-2.696272358240438,2.375327209358052,-3.720211153073816,-1.5557553624957743,0.009955418285329358
-1.6796055640919683,-2.696971728497059,2.3698123055231264,-3.7217185904268377,-1.5557596230069146,0.009992001734211383
-1.6794653656529093,-2.6974134501045186,2.364128902523207,-3.7232823272744775,-1.5557626200648624,0.010028622212949173
-1.6793033292213098,-2.697603739271491,2.3583245089928386,-3.7248962019192904,-1.555764420167483,0.010065264681325944
-1.6791336923681826,-2.697632169552535,2.3524851305713197,-3.7265450352389413,-1.555765080906913,0.01010195135734706
-1.6789697661369338,-2.6975930320086428,2.3466732925068925,-3.7282220939971222,-1.5557646571545876,0.010138681128048645
-1.6788244854549235,-2.697488720997402,2.3408829638562225,-3.730089434809387,-1.555763095809201,0.010175478322525819
-1.6787052835395428,-2.697335803979695,2.3350979348357512,-3.7321499591867915,-1.5557602978091565,0.01021227271684626
-1.6786163443079904,-2.697144902661632,2.3293106074438272,-3.7344014756449546,-1.555756558308923,0.010249096913672553
-1.678559712159995,-2.696924303952352,2.3235160567864592,-3.7368416339789037,-1.5557494834803611,0.01028583147282151
-1.6785364208691682,-2.6966805044310966,2.3177108587003894,-3.7394681185770176,-1.5557452396972589,0.010322711071457045
-1.678526375192854,-2.696421226266602,2.311936148437234,-3.7422798555748766,-1.5557393692450945,0.01035968132276388
-1.67851515253263,-2.6961594556993593,2.3062159109241747,-3.745174668379631,-1.5557316473027785,0.01039656956048024
-1.6784924759859898,-2.6959043664336355,2.300568325918421,-3.7480335250285743,-1.5557227249841803,0.010433448799386744
-1.6784518415450465,-2.695655803367228,2.2950089888145646,-3.750834605881666,-1.5557129574105113,0.010470360259974623
-1.6783891765014314,-2.695413658062415,2.2895460884770378,-3.7535784532816954,-1.555702362761005,0.01050730996169002
-1.6779995987788372,-2.695426365055374,2.2842371437512075,-3.7560667439476703,-1.5556885667936236,0.010543844873125064
-1.6772870003270084,-2.6956844344295496,2.2790552184561954,-3.7582917716214523,-1.555671771804598,0.010580403980122409
-1.6762549752863232,-2.696182540555667,2.273975272235451,-3.760253509281378,-1.5556520821552995,0.010617005191197551
-1.6749069198350972,-2.696916603393546,2.268978782160634,-3.7619529236737628,-1.5556294902967363,0.010653637796345572
-1.6732460965696656,-2.6978832815599065,2.2640524694905566,-3.763391053489401,-1.5556040288482398,0.010690296262742816
-1.671275725170626,-2.699079769852018,2.2591868559485704,-3.7645689190082106,-1.5555768323860475,0.010726866147480833
-1.668999455583254,-2.700498194357985,2.254377608823886,-3.765565243883883,-1.5555477410783518,0.010763357424625978
-1.6666637560579587,-2.7021644160711,2.249607056486533,-3.7665182554134016,-1.555518230942364,0.01080023626198408
-1.6647097106178672,-2.704142235069841,2.2448456598723774,-3.76745963855729,-1.555491013387146,0.010837334354522426
-1.6632248160167529,-2.706443305612292,2.2400942590467876,-3.7683867424757858,-1.5554651743199284,0.010874659330990463
-1.6622000453543753,-2.7090701665973,2.2354247073256843,-3.7693418149005287,-1.555440569714076,0.010911964091866155
-1.661588796443176,-2.712020190178292,2.230885910449313,-3.770332782979773,-1.5554173202446049,0.010949203196672029
-1.6612686898701858,-2.7152779207579405,2.2265153576475254,-3.77135831821948,-1.5553946072059008,0.010986283643115026
-1.6611533225744188,-2.7188316155014958,2.2223358821740793,-3.7724174446214374,-1.5553723827252395,0.011023245786658259
-1.6611816449925405,-2.7226723730516693,2.21836021890865,-3.773509797169873,-1.5553509977871625,0.011060142678080724
-1.6613010744215237,-2.726779599074554,2.214552822915473,-3.774714057738571,-1.5553292559541372,0.011097006509697962
-1.6614734893735017,-2.731142650798736,2.210882842363159,-3.7760442004132,-1.5553068632060014,0.011133828873252758
-1.6616714490687055,-2.7357535053419317,2.2073289021706977,-3.777500208579521,-1.5552838276969396,0.011170637713643922
-1.6618752865949304,-2.7406058894183505,2.2038756807350977,-3.77908148904506,-1.5552602831220064,0.011207446095519004
-1.6620709691525017,-2.745694967020128,2.2005117821579545,-3.780787280924404,-1.5552362551025196,0.011244260723301026
-1.6622584807283725,-2.7510252283666428,2.197212087887445,-3.7822587398098553,-1.5552116432569405,0.011281023562884494
-1.6624218776579576,-2.7564858588960277,2.1939589395570014,-3.7835043292416777,-1.5551863693475352,0.011317866211427318
-1.6625543109747718,-2.761994800419103,2.1907362236612173,-3.7845423041934376,-1.5551606113602259,0.011354694847712817
-1.6626543882047649,-2.767487353783755,2.1875359023461547,-3.7853890621914554,-1.5551343793561168,0.011391539496401228
-1.6627239202081343,-2.77291195858317,2.1843558753869123,-3.7860582490619676,-1.5551077528047919,0.01142840638955194
-1.6627397383397202,-2.778122547371125,2.181214611654882,-3.7865852941424207,-1.5550820234589422,0.011465039059772465
-1.6627174258441277,-2.783132625539649,2.1781642919871973,-3.7869727444262553,-1.5550584513999655,0.01150147524772747
-1.662669562075442,-2.787945385312211,2.17524373169113,-3.7873188650356466,-1.555037293844438,0.01153773047953298
-1.662606494270178,-2.7925526606720017,2.1724804487526597,-3.7878764484748184,-1.555018570666962,0.011573834032335834
-1.6625354810790693,-2.7969633094677415,2.16987869546328,-3.78867306895345,-1.5550019745300203,0.011609691300820417
-1.6624891584912087,-2.801179397960537,2.1674025041852136,-3.7897098840061183,-1.5549842554175164,0.011645552770876637
-1.662490264423797,-2.8052023484473536,2.1650259730979924,-3.7909867836061224,-1.554964688359561,0.011681419948368847
-1.6625543810020456,-2.809033630248195,2.1627315396393985,-3.792503392185415,-1.5549431163213536,0.011717281309618004
-1.6626920622881427,-2.812674723599905,2.1605071903872566,-3.794259193409012,-1.5549194812597131,0.011753130344122613
-1.662910321183765,-2.816127090213582,2.1583446098092685,-3.7962535809181266,-1.554893740937328,0.011788961126278813
-1.663235469787781,-2.819394833886706,2.1562361251755773,-3.7984860667118157,-1.5548657753992563,0.01182505374033537
-1.6636858706742714,-2.822481316604669,2.154176759864939,-3.8009560827813478,-1.5548354121123167,0.011861420153819583
-1.6642737114488402,-2.825398270936234,2.152159934099224,-3.8035340716176314,-1.5548023896027696,0.011898018106881191
-1.6650073656406812,-2.8281493776230144,2.1501866905850426,-3.806164502582493,-1.5547666664265107,0.011934886810932825
-1.6658924078364712,-2.8307357784955336,2.1482573217664847,-3.808838481238702,-1.5547277341099592,0.01197222133363532
-1.6668601599046051,-2.833214688947692,2.1463890356482778,-3.8113953427060894,-1.5546876282940458,0.012008827900127101
-1.667886211533774,-2.8357792344403063,2.1446398515163754,-3.813768225282192,-1.5546463884050234,0.012045280125170555
-1.668947116711963,-2.8385813848175645,2.1430368495587495,-3.815958737201355,-1.5546047791779996,0.012081503187532086
-1.6700058787929954,-2.8416553886168474,2.141561458473326,-3.817998637998374,-1.5545622049087042,0.012117453951498219
-1.6710265210169637,-2.8449896819610614,2.140183034988907,-3.819909259485193,-1.5545184237425924,0.012153103598913525
-1.6719822179122081,-2.848576237027781,2.1388792360066295,-3.821696276580503,-1.5544736740698715,0.01218848151903782
-1.6728531882269966,-2.8524089185070616,2.137634237997656,-3.823362073150335,-1.5544282421927642,0.012223607954597433
-1.6736456616566548,-2.8564594853744816,2.136311653094694,-3.8249747190586536,-1.5543867160622868,0.012258808176791426
-1.674278747384388,-2.8602552708087092,2.1347742700201082,-3.826652474659504,-1.5543460016194974,0.012293945273465879
-1.674771089042377,-2.863807379589843,2.133015508316288,-3.8283170547829917,-1.5543094847920957,0.012329131740694117
-1.6751371284827958,-2.8671184666858087,2.131037190457214,-3.8299448205144158,-1.554277792985212,0.012364425184116812
-1.6753880396958138,-2.8701903053162936,2.1288407090269907,-3.8315337683264143,-1.5542508683107854,0.012399801179602205
-1.6755332086761727,-2.873013090546321,2.1264307796830417,-3.8332526445334625,-1.5542229286122897,0.012435192271069154
-1.6755797700899158,-2.875589578995366,2.1238044213760054,-3.8351383916964976,-1.554192579592887,0.012470506978482879
-1.675533435821198,-2.8779224627224,2.1209608949413066,-3.8371901655794125,-1.5541596586942732,0.012505761687747115
-1.6754273118014047,-2.8802485607932717,2.1180393478508197,-3.8393543130347956,-1.5541258660367303,0.012540993662755297
-1.675282640758154,-2.8828331897975166,2.1152724099127513,-3.8416102330921844,-1.554091231998653,0.012576218718146825
-1.6751240037592923,-2.8854851686189695,2.112553329058485,-3.843894384007007,-1.5540564183374384,0.012611466592462702
-1.6749637169785503,-2.887987516555409,2.109802354553202,-3.846199708755715,-1.5540210411609627,0.012646743405581013
-1.6748356802934994,-2.8903058734117604,2.1070192890045565,-3.8484880939061146,-1.5539862953190562,0.012682072729874356
-1.6747719143523547,-2.892448949293748,2.1042213536085685,-3.8507408543619657,-1.5539524671511282,0.012717454675532605
-1.6747963804610944,-2.894422817416254,2.101421017104839,-3.852955686993378,-1.553919327749866,0.012752877229425504
-1.6748638155823572,-2.896183311659919,2.0985021550726035,-3.8553944734263683,-1.553885193014432,0.012788303938009126
-1.674936807340196,-2.897716765149716,2.095373547165952,-3.8580689586821424,-1.5538497952778194,0.012823633120560047
-1.6749822145228157,-2.8990182754751292,2.0920206532615846,-3.860979890439778,-1.553813241576601,0.01285891457469525
-1.6749739631355387,-2.9000863950422993,2.088446391289026,-3.8641265478027953,-1.553776008978,0.012894166406862617
-1.6748926619159124,-2.900920351094152,2.0846531779404494,-3.8675079446054688,-1.5537384979916473,0.012929401254191675
-1.6747802372180831,-2.9015265585360037,2.080636767817296,-3.871111564960617,-1.5536994862404228,0.012964623893012686
-1.6746969949896742,-2.9021399195623068,2.076454576307624,-3.8745411693189933,-1.5536596812443246,0.012999804623022197
-1.6746910912628126,-2.902979643776311,2.0721881871067103,-3.877731379385318,-1.5536192812165477,0.013035095633285452
-1.6747698997314615,-2.904066081489377,2.067847982324347,-3.8806733749571865,-1.5535760672041856,0.013070314507656737
-1.674935293537159,-2.905396546178055,2.0634336336318286,-3.883367575147597,-1.5535291646654603,0.013105454358305247
-1.6751882118098487,-2.906968391969699,2.0589444869315043,-3.885814821390977,-1.5534783935446497,0.013140549250129932
-1.675465926237186,-2.9087725720865967,2.054386519150651,-3.8880158776018168,-1.5534266764266633,0.013175559343861954
-1.6757208979828737,-2.910801645474057,2.0497641300839082,-3.889971496698397,-1.5533752562956837,0.01321052660448985
-1.6759173646763699,-2.9130494264669937,2.045080456158153,-3.8916824490829045,-1.5533248151932113,0.013245477748345827
-1.6760286316919963,-2.915510689987524,2.0403376419229513,-3.893149506297325,-1.5532758158590751,0.013280434404062852
-1.6760349898894313,-2.91818095076193,2.0355370525815513,-3.8943734354182205,-1.5532285864807152,0.013315408080793645
-1.6759780012355563,-2.921061687862571,2.030673339955136,-3.895354974631868,-1.55318345971766,0.013350446526825434
-1.675889377032704,-2.9241533139104527,2.0257420461216706,-3.8960948365811205,-1.5531399564522035,0.013385537001531191
-1.6757932256785752,-2.9274554094372696,2.0207394107383734,-3.896593702734823,-1.553097686942079,0.013420639002207817
-1.6757033442001767,-2.9309312133717267,2.0156492937446897,-3.8968599258563703,-1.5530558594747146,0.013455780537125185
-1.6756224514597085,-2.934510482103959,2.010478375265921,-3.8969101907199293,-1.553013667489862,0.013490929878614466
-1.6755452299257423,-2.9379831290498712,2.005247411447192,-3.896793982589577,-1.5529713263753218,0.013525803660406899
-1.6754852969695766,-2.941278002022937,2.0000212353995344,-3.8965323121420075,-1.552930268593555,0.013560395935177863
-1.675466080089781,-2.9444160663485213,1.9948804977434094,-3.8961243532924352,-1.552891549446334,0.013594731055359324
-1.675507179061516,-2.9474124361396683,1.9898791323738012,-3.895569064922357,-1.5528551584483108,0.013628804700998235
-1.6756263360865022,-2.95027386799936,1.9850294075821246,-3.894866535149852,-1.5528209421707655,0.013662623746949737
-1.675805517852309,-2.9529870160521376,1.980336804780347,-3.8942333019966275,-1.5527857918498318,0.013696429406118418
-1.6760321259742992,-2.955543889859242,1.9757815113883979,-3.8938246706562816,-1.5527492612765805,0.0137302169653393
-1.6762963019674644,-2.9579457990551927,1.9713444090852852,-3.89364807614806,-1.5527113558699044,0.013763968162965644
-1.6765899014631338,-2.960192532012617,1.967015707553618,-3.8937038483734296,-1.552672248509271,0.013797709972052019
-1.6769063052240554,-2.962284263185795,1.962788334381347,-3.8939917462079885,-1.5526321390854667,0.013831445348003808
-1.677187788707227,-2.96421493971609,1.9586524756020747,-3.8945118923593816,-1.5525894494377293,0.01386512722722826
-1.6773909383715973,-2.9659917410150842,1.9546042796647893,-3.8952617334830357,-1.5525447467422187,0.013898782948232042
-1.6775104947087547,-2.967897670194434,1.9507475567508197,-3.896034749045331,-1.5525010692708692,0.013932423683168197
-1.677530185236953,-2.9700570872542134,1.9470985314579148,-3.8967691274063845,-1.5524582526023814,0.013966096715578085
-1.6774234270972397,-2.9724516977403184,1.9436045850621497,-3.897490132381918,-1.5524152057914782,0.013999787404800955
-1.6772497560140043,-2.9751048806725584,1.9402929623934344,-3.898028706472412,-1.5523743621647623,0.014032944425402424
-1.6770562805866038,-2.978024220961049,1.937188447485774,-3.8983469844049243,-1.5523356257442138,0.014065571601676253
-1.6768803348497354,-2.981214338589451,1.9343046713173497,-3.8984467181242954,-1.5522983321378496,0.014097648345487702
-1.6767513911910534,-2.9846786130798897,1.9316485329305448,-3.898334211254372,-1.5522617493388104,0.014129170683164056
-1.676692502988669,-2.9884193221135074,1.929223362651521,-3.8980145313522767,-1.5522252953908402,0.014160128028282936
-1.6766704818104947,-2.992395715448733,1.9269004991886203,-3.8976311289759993,-1.5521894222324901,0.014190488812901582
-1.676656244286282,-2.9965863134512043,1.924589069514168,-3.897217534781854,-1.5521542643670168,0.014220223913560863
-1.6766249060017953,-3.0009763252663113,1.9222311343268803,-3.896775107089878,-1.552120019798795,0.014249357545969267
-1.6765554019931541,-3.0055554218128715,1.9197923727825874,-3.8963020684956704,-1.5520870263308866,0.014277913007708639
-1.6764285924594249,-3.01031760732059,1.9172718942001046,-3.895797795571733,-1.5520554565959845,0.014305904270968107
-1.676319871628429,-3.0148552776255304,1.9145399277373638,-3.895523062472494,-1.5520318605349321,0.01433284012672396
-1.6763201757208845,-3.01921148536007,1.9117222951101027,-3.895478556976487,-1.5520192229693774,0.01435871321137984
-1.676503669044299,-3.0234163482605094,1.9089111402320957,-3.8956321950502093,-1.5520167734089914,0.014383452507905512
-1.6769072446854019,-3.027488532417342,1.9061726793157607,-3.895973791218509,-1.552021319926669,0.014407069484347444
-1.6775257433754327,-3.0314356517246153,1.9035392664703599,-3.8965008526370544,-1.5520284649017422,0.014429538281603798
-1.6783725559745193,-3.0351978311913137,1.9006301526822562,-3.8969014277935794,-1.5520363540557782,0.014451662506127796
-1.679351060179236,-3.03875590868698,1.8974253928666187,-3.897166375290223,-1.5520355390779554,0.014473462331478537
-1.6803818218411055,-3.0421046517225077,1.893937477781724,-3.8972954699441,-1.5520254929669364,0.014494927880085481
-1.6814016556289089,-3.0452403437293034,1.890176247529662,-3.89728939139536,-1.5520076093110151,0.014516091540315702
-1.6823603311282571,-3.048160264067293,1.8861498189915464,-3.897148791697784,-1.5519833824698919,0.014536982484129912
-1.6832155412199639,-3.0508623187633908,1.8818652426228322,-3.8968742882092124,-1.5519540011258572,0.014557440172677877
-1.6839339437944252,-3.0533450776081135,1.8773283307320494,-3.896466440723986,-1.5519204672660136,0.014577464033167079
-1.6844894316937191,-3.0556076446795206,1.872543854064741,-3.8959257599119868,-1.5518835982580184,0.014597070815494441
-1.6848617400915034,-3.0576495552156366,1.8675157014807466,-3.895252712219728,-1.5518440591525426,0.014616276960523323
-1.685063413850245,-3.059882716090892,1.8624456548386634,-3.894356964864833,-1.5518054730461615,0.01463510613963328
-1.6851402487031888,-3.0620806082179506,1.8572188238196834,-3.8932828373054216,-1.551771335460174,0.014653843923949226
-1.6851288773845967,-3.064047767780286,1.8517750544040863,-3.892435008995826,-1.5517419537528485,0.014672545109703478
-1.6850566841417167,-3.065851296110635,1.8463587137955328,-3.891818943814325,-1.5517160275749498,0.014691009688260932
-1.6849550847653563,-3.0675250187255605,1.8410937483925258,-3.891431244903065,-1.5516938333966406,0.01470936179776942
-1.6848582381372492,-3.069073109239597,1.835976378109578,-3.8912703342125483,-1.5516758906745935,0.014727612644775184
-1.6847935501990645,-3.070499345764511,1.8310028433574645,-3.8913352294374293,-1.551661612557533,0.014745747151136128
-1.6847392931158094,-3.071804760241636,1.8261761885391157,-3.891625587943263,-1.551647539248867,0.014763847092098369
-1.6846780878671046,-3.072990569153255,1.8214988790978628,-3.8921410004104446,-1.5516332507922772,0.014781933813645442
-1.6845958968769361,-3.07405810495211,1.8169728830259397,-3.8928810156760045,-1.5516190041887006,0.014800009055981634
-1.6844813871395818,-3.075008772801762,1.812599775223427,-3.8938451351395993,-1.5516051139922795,0.014818084326403106
-1.684325439377854,-3.0758440198917563,1.8083808001462762,-3.895032819872702,-1.5515918460199218,0.014836158011319999
-1.6841347864043994,-3.0765874239313806,1.8043142127174439,-3.896079625806218,-1.5515791365130722,0.014853999361873078
-1.6839139044594764,-3.077236292711748,1.8004044719774164,-3.8969756009410226,-1.5515669768435258,0.014871984106454251
-1.6836664945641024,-3.0777912735638404,1.7966530349973344,-3.8977179602644703,-1.5515554403276446,0.014889872562907806
-1.6833956364073106,-3.078253686013579,1.793059879133147,-3.898306686716126,-1.551544403572728,0.014907668621911709
-1.683103948339004,-3.078624880867323,1.789624685396794,-3.8987422469564685,-1.5515337302798704,0.0149253879837774
-1.6828029944865566,-3.0789065957212856,1.7863457574843518,-3.899025055928389,-1.551523389778526,0.014942940804904591
-1.682502583945693,-3.079099230894835,1.7832167087166015,-3.8991557286795295,-1.5515132335177815,0.014960320415352571
-1.6822125368820824,-3.0791967457695413,1.7802046859238618,-3.8991358187139795,-1.5515032425635933,0.014977531343993341
-1.6819389112884413,-3.07917362758472,1.777290022337088,-3.8993274453724287,-1.5514932784582416,0.014994648788464461
-1.6816874045508168,-3.079033513413261,1.7744500391735938,-3.89974580405239,-1.551482943426585,0.015011527931431984
-1.6814599462608144,-3.078690440089887,1.7713227346186038,-3.9004043694648733,-1.5514702248265737,0.015028366064284138
-1.6812337656703427,-3.078144829223147,1.7679088202480548,-3.901304981660065,-1.5514523334007735,0.015045115449280411
-1.6809903033378497,-3.0773967233511637,1.7642111249809254,-3.902447200033801,-1.5514292794396958,0.01506178748304214
-1.6807142647809488,-3.0764462588903494,1.7602320540978007,-3.9038302373026665,-1.5514016037688378,0.015078396676130494
-1.6803931110202233,-3.075293700761792,1.7559735332171378,-3.9054531888372783,-1.5513697990642625,0.015094943877883753
-1.6800538285520472,-3.073941183748825,1.751431711209067,-3.9073144959269985,-1.551340032102685,0.015111015605177672
-1.679718364033559,-3.0723905886267793,1.7466033116944593,-3.9094126682454373,-1.5513130678469937,0.01512656861729228
-1.6794047945230695,-3.0706436083953346,1.7414855246588001,-3.9117462651370056,-1.5512884938829057,0.015141607268636203
-1.6791279730172224,-3.0687017769040366,1.7360758981922495,-3.9143138832129156,-1.5512658007187845,0.015156136333001132
-1.6789000390035698,-3.066566494140827,1.7303722643646409,-3.9171141477674816,-1.5512445643468642,0.015170164143265686
-1.6787308436985293,-3.0642390463635074,1.7243726765650094,-3.92014570394197,-1.5512244450641004,0.015183702420828933
-1.6786894588803405,-3.061723495668886,1.7180666496899493,-3.923406111726401,-1.55121211675935,0.01519791031103211
-1.6788039689354177,-3.0591325212780496,1.7118895058772934,-3.926876385792288,-1.5512047585297701,0.01521280625217094
-1.6791080721439438,-3.0564682728116606,1.7058397078776735,-3.930551855114421,-1.5512021020630455,0.015228452677155092
-1.6796001082436627,-3.0537318974202936,1.6999172874440935,-3.9344310535183,-1.5512000314109355,0.015244784493945474
-1.6802788138615368,-3.0509246212152434,1.6941220068368004,-3.9385128584813627,-1.5511975734783225,0.015261767697097577
-1.6811425965389994,-3.0480476341569323,1.6884535791691355,-3.942796225096876,-1.5511955518550387,0.015278820210741098
-1.6820801497919813,-3.0450968561356,1.682927145415778,-3.9472822760344597,-1.5511817453337104,0.01529573686219639
-1.6830002266323538,-3.0420763049374697,1.6775554518286278,-3.9518458013389703,-1.5511556539318756,0.01531246796017575
-1.6838399844597032,-3.0389329777493894,1.6721360618260923,-3.9563935085176376,-1.5511206138922073,0.015329152052251837
-1.684547729583619,-3.035604976396058,1.6664418062484392,-3.9609103977858493,-1.5510789744267417,0.015345781942548518
-1.6851501686391417,-3.0321007335728187,1.660467582615313,-3.9652830861247454,-1.551039708857565,0.015362293835638158
-1.6856689562825675,-3.0284201192138034,1.6542119533811976,-3.9695063910396877,-1.5510040971453363,0.01537881001112202
-1.6861236440055214,-3.024590611734055,1.6476889700332564,-3.973574216348699,-1.550972251382157,0.015395252928654788
-1.6865312398374017,-3.020646072499811,1.6409176189527623,-3.977479291443055,-1.5509436087301172,0.015411637874565313
-1.6869058752168755,-3.016615334207138,1.6339144870147453,-3.9812154211106074,-1.5509176956337627,0.01542796160900806
-1.687224634148743,-3.0125482673527353,1.6267168135713514,-3.9847728177749144,-1.550891061839256,0.015444037938768548
-1.6874685452582494,-3.0084872549711315,1.6193571893883425,-3.988142901461009,-1.5508633071129556,0.015459882124341394
-1.6876217934111577,-3.0044683251213824,1.6118638818699584,-3.9913185346141056,-1.5508347899033519,0.015475493477548867
-1.6876711880606459,-3.0005220012720657,1.6042613764454199,-3.9942938166596473,-1.5508061014253574,0.015490879149010974
-1.6876058663778064,-2.9966740989381844,1.5965708785572186,-3.997064023634459,-1.5507775313480372,0.015505926404246032
-1.68736817401546,-2.992641486170239,1.5886075534518909,-3.99968515925366,-1.5507524384848221,0.015521267817469318
-1.6869259673397863,-2.988424186186523,1.580371627206489,-4.002162257621817,-1.5507343806992349,0.015536676462967268
-1.6862796466989753,-2.984022716938899,1.5718616231272198,-4.004495584496603,-1.550727681748709,0.015552239124414658
-1.685415199989931,-2.9795107734635837,1.5633535410500132,-4.006671311607569,-1.5507314842234547,0.01556792223391476
-1.6843227796024618,-2.9749327773694896,1.5550407973432279,-4.00881504645586,-1.5507459928243117,0.015583821686492397
-1.683021513230052,-2.9702835337097837,1.5469179842956513,-4.0110999252222195,-1.550755669853362,0.01559974492335405
-1.681606807693511,-2.9655707473776056,1.5389676920133022,-4.0135600289416455,-1.5507665662176393,0.0156156935625753
-1.6801648426256288,-2.960913460174006,1.5312597245505475,-4.0161716836208345,-1.5507795177775925,0.015631688786173742
-1.6787768361908229,-2.9565781504628488,1.5239795508398388,-4.018897001474264,-1.550794366447563,0.015647735508906666
-1.6774967894615136,-2.952557949492129,1.5170987174976112,-4.021743376980163,-1.5508076589795063,0.01566382244214981
-1.6763351764052181,-2.9488301362644855,1.510513985674621,-4.024592870040221,-1.5508187891821084,0.01567988904502303
-1.6752979324565274,-2.945377090386661,1.504162343111818,-4.027381284853046,-1.550827019647978,0.01569595866588932
-1.6743881190154417,-2.9421853559558415,1.4980029931522971,-4.030097889774805,-1.5508319139725688,0.015712028512498748
-1.6736070803269645,-2.9392457971929065,1.492008749361077,-4.032743748441158,-1.5508332718881737,0.015728083593743027
-1.6729549870567344,-2.9365519788793204,1.4861618795258114,-4.035320073665991,-1.5508309831726086,0.01574412062087447
-1.6723738137439341,-2.9340524710248057,1.4802747285484603,-4.037681400830754,-1.5508220140574005,0.015759932891447736
-1.6718043519690515,-2.9317403346109603,1.474356655515552,-4.039824167906548,-1.5508044198306312,0.015775546940577662
-1.6711972380664832,-2.929611093793519,1.4684144198182287,-4.041750537104279,-1.5507793350023251,0.015790957021390013
-1.6705112481223776,-2.927660836096599,1.4624534218695129,-4.043462719643788,-1.5507481563005712,0.015806178668685365
-1.669712130490434,-2.9258860740831074,1.4564779993437929,-4.044962742085227,-1.5507121096687968,0.015821228072284563
-1.6688595870713059,-2.9242885796089233,1.4504803755155526,-4.046249865446783,-1.5506811515856902,0.015836141476031743
-1.668002847166747,-2.922869475225519,1.4444540449347316,-4.047323585686256,-1.550656638014702,0.015850910458260786
-1.667182991601921,-2.921629369241136,1.4383935972952662,-4.048183557825527,-1.5506376899430612,0.01586552478392266
-1.6664210619426885,-2.9203503344753203,1.4321198544696379,-4.048867427453034,-1.5506214041034834,0.01587998774610305
-1.6657384326843112,-2.9188811678582907,1.425503368959156,-4.049403811045675,-1.5506071335369016,0.01589426855572677
-1.6651618104913524,-2.9172242316025834,1.4185386774352922,-4.049794524919133,-1.5505955702242946,0.015908376507000017
-1.6647130487740334,-2.9153808439990896,1.4112226769517833,-4.050038891934601,-1.5505863106065183,0.01592232435824718
-1.66433759209214,-2.913348046830326,1.4035618388518738,-4.050138401665888,-1.5505711898410053,0.015942340774920766
-1.6639962889507829,-2.9112280023066948,1.3956476990301208,-4.0500767115484875,-1.5505503689088722,0.01596898214469555
-1.6636588540335424,-2.909325927276833,1.3878588384048398,-4.049801171846167,-1.5505253378327926,0.01600212933044712
-1.6632907557537742,-2.907640651725492,1.3802164993699373,-4.049308272284438,-1.5504958214542548,0.016041729480887862
-1.6628636676827364,-2.906169790760493,1.372727285105528,-4.048599104195403,-1.550462462689208,0.01608761560192323
-1.6624550980445205,-2.9049460275952232,1.3655352868009807,-4.048022695398193,-1.5504379474453083,0.016129099341250643
-1.6621346634844272,-2.90400453895185,1.3587248618644425,-4.047584943987496,-1.5504237964212368,0.01616487209313442
-1.66194100700206,-2.9029967922732025,1.352028871895341,-4.0473429152149585,-1.5504158241596966,0.016195126293543083
-1.6619204176917215,-2.901935112799677,1.3454625549038424,-4.04729826957134,-1.550414221047933,0.016219935422083425
-1.6620708264625514,-2.900820627775939,1.3390260475971862,-4.0474507210032185,-1.5504126988368359,0.01623940074931714
-1.6623906394274994,-2.899654410360558,1.3327194393611195,-4.047799704038025,-1.5504099193210938,0.016253632173936886
-1.662878321549665,-2.898437498570946,1.3265427574307787,-4.048344614789011,-1.5504042025379152,0.016267138843929968
-1.6635325014147275,-2.897170911190803,1.320495962753372,-4.049084836505302,-1.5503953105925292,0.016280400905564513
-1.6643518920302514,-2.895855637282247,1.3145789652542705,-4.050019722344682,-1.5503832967015454,0.016293452605510073
-1.6653379765597183,-2.8945082230023202,1.3087979345159448,-4.050788432756586,-1.5503681957716957,0.016306150376802844
-1.6664884716135957,-2.8931253311565808,1.303156083558235,-4.051379358490503,-1.5503501837636888,0.016318731497118294
-1.6676978480734588,-2.8916857000208163,1.2976623521764243,-4.052151207235247,-1.5503293469100965,0.01633156002950197
-1.6688798602308292,-2.8901903367945323,1.292321926263641,-4.053122063337566,-1.550307967164801,0.01634424955045448
-1.6699613020164963,-2.8886367574272476,1.287142497320554,-4.054295959953108,-1.5502878250313894,0.016356990496679498
-1.6708801552388373,-2.8870225840939683,1.2821313933453244,-4.055674683331373,-1.5502707072330093,0.016369802270330802
-1.6715891251115467,-2.88534612066739,1.2772941867458136,-4.057259399625074,-1.550258813253501,0.016382690574596778
-1.6721310796946323,-2.883610355527429,1.2726254566435264,-4.0590480846616215,-1.5502494960731639,0.01639583428196083
-1.6725482915614938,-2.8818181651115045,1.2681198085194687,-4.0610385150066275,-1.550241533983802,0.016409249845269314
-1.6728765750322143,-2.8799720533795448,1.2637725744537873,-4.0632287124075335,-1.5502350899632098,0.01642292690118721
-1.6731468182664857,-2.878074262111861,1.259579831558868,-4.065616996200345,-1.5502294105233578,0.01643683339924462
-1.673385327454305,-2.8761265939573244,1.2555378892767413,-4.068201153630863,-1.5502234313202892,0.016451068075480864
-1.673553248516492,-2.8740676003662107,1.2514079415609802,-4.070636889984327,-1.5502124033401494,0.016463993290263615
-1.6736166096601788,-2.8718070269027005,1.2469139180231863,-4.07292702303392,-1.5501945574755283,0.016475881477084314
-1.6735358934707778,-2.869343513432674,1.2420596861225022,-4.075073146456561,-1.55016948079148,0.016486531070098565
-1.6732778866262827,-2.866675760333969,1.236849382035574,-4.077076409195584,-1.5501380355217127,0.01649598423907027
-1.6728390624386311,-2.863804041001208,1.2312834000836497,-4.078936888714877,-1.5501046404805021,0.01650430094385075
-1.6722696361284204,-2.8607315008524523,1.2253556280392197,-4.080652639690861,-1.5500759420236379,0.016512847812012413
-1.6716368535254096,-2.8574621681218044,1.2190578843028679,-4.082220982617864,-1.5500556262952299,0.01652177502841782
-1.6709980895264427,-2.8539994732887397,1.2123831445832147,-4.083639458907203,-1.550043067725299,0.01653106925232662
-1.67040251523281,-2.8503463588219273,1.2053253456663768,-4.084905924805598,-1.5500366318148222,0.016540719445526545
-1.6698891891105916,-2.8464910915122736,1.197873292955953,-4.086376582646499,-1.5500346488250112,0.016550782726112573
-1.6694570862338618,-2.842438168128249,1.1900218503206552,-4.08806429045855,-1.5500334352358702,0.0165610715028202
-1.6691053340014963,-2.8381884219301963,1.1817692609027894,-4.089970098930306,-1.5500315235210242,0.016571558702498993
-1.6688169992156339,-2.8338814291350016,1.1735739536687806,-4.092071040764285,-1.5500273909826823,0.016582216499198735
-1.668590366786633,-2.829544603713425,1.1655305503545812,-4.094358061981247,-1.5500229347043066,0.016593156841002397
-1.668427761653917,-2.8251829053512307,1.1576416113435615,-4.096714102703135,-1.5500189829004796,0.01660429299063955
-1.6682903996889855,-2.820733372417158,1.1496924710254626,-4.098904012687531,-1.5500107928265532,0.016615138236446936
-1.6681463856467622,-2.8160901184410796,1.1413574697677327,-4.100935376591305,-1.5499981641223222,0.01662587892272394
-1.6679575409869327,-2.8112515937771105,1.132637600501087,-4.102810989047298,-1.5499805164871583,0.016636266725187168
-1.6676914350370862,-2.8062159475980764,1.1235351411893608,-4.104531840903575,-1.5499585133211966,0.016646362986611343
-1.6673204233248726,-2.8009815235669406,1.1140516758690213,-4.106098601300742,-1.5499330895550631,0.016656196030046914
-1.6668865970507192,-2.7955507597989158,1.1041812360792158,-4.107509119320789,-1.5499102364980095,0.01666611113197376
-1.6664225797917736,-2.7899129650564576,1.0939123163076854,-4.109118608219437,-1.549890304084403,0.016676269090381078
-1.6659428187157324,-2.784250457341464,1.083806893354252,-4.110913028308486,-1.5498706499022274,0.01668631422953715
-1.6654772912305498,-2.77856507135788,1.0738649490018002,-4.112888543372554,-1.5498526888383264,0.016696532196820924
-1.6650513052164322,-2.7728591411085888,1.064083972117971,-4.115043193318117,-1.5498362570960686,0.016706873359062655
-1.6646654633001103,-2.7671334620134416,1.0544639202257533,-4.117376188434523,-1.549822304226011,0.01671720372938284
-1.6643201912493413,-2.761388787551537,1.0450047262709277,-4.119886804922083,-1.5498108199835308,0.01672751661210583
-1.664031871616727,-2.7554439791943426,1.0351236958464416,-4.12259943749884,-1.5498036660405423,0.01673789487235332
-1.6637993756591223,-2.749306645940155,1.024817793512545,-4.125335157030664,-1.549798717607558,0.016748119121076335
-1.6636214726892051,-2.7429803235673607,1.0140909363451158,-4.1279110209651595,-1.549795420881291,0.016758322006624977
-1.663504473056183,-2.736604870495833,1.0034087998065606,-4.130493899917499,-1.5497938108623812,0.016768621857060465
-1.6634641196745699,-2.7302161137888623,0.9928897678090112,-4.13323995290613,-1.5497952369643746,0.01677894788182406
-1.6635184882030283,-2.7238175583830917,0.9825306805862646,-4.136155104679376,-1.5498000514454557,0.016789235855189096
-1.663682703008055,-2.7174110669605493,0.9723300329550197,-4.1392387675339695,-1.5498077491551376,0.01679955206180994
-1.6639695238186314,-2.710998189342286,0.9622868536896668,-4.142489744167482,-1.5498178407560896,0.016809881677593622
-1.6642904420678832,-2.7045734578015153,0.9524089253552084,-4.1459110880873435,-1.5498209119368234,0.016820251824161896
-1.664569875490127,-2.698132183547579,0.9427026318280071,-4.149505489222923,-1.5498166750978444,0.01683066350263429
-1.6647427695146504,-2.6916702643066874,0.933173242782097,-4.153275131418511,-1.5498068200155721,0.016841117758656814
-1.6647531746135336,-2.6851841144776243,0.9238250406374529,-4.1572218205336995,-1.5497931651679724,0.016851619348853517
